<?xml version="1.0" encoding="UTF-8"?>
<configuration scan="true" scanPeriod="15 seconds" debug="false">
  <appender name="STDOUT" class="ch.qos.logback.core.ConsoleAppender">
    <encoder>
      <pattern>[%d{ISO8601}]-[%thread] %-5level %logger - %msg%n</pattern>
    </encoder>
  </appender>

  <appender name="FILE" class="ch.qos.logback.core.rolling.RollingFileAppender">
    <file>log/jooby-beers.log</file>
    <rollingPolicy class="ch.qos.logback.core.rolling.TimeBasedRollingPolicy">
      <fileNamePattern>log/jooby-beers.%d{yyyy-MM-dd}.log</fileNamePattern>
      <totalSizeCap>1mb</totalSizeCap>
      <maxHistory>7</maxHistory>
    </rollingPolicy>

    <encoder>
      <pattern>%d{HH:mm:ss.SSS} [%thread] %-5level %logger - %msg%n</pattern>
    </encoder>
  </appender>

  <appender name="ACCESS" class="ch.qos.logback.core.rolling.RollingFileAppender">
    <file>log/access.log</file>
    <rollingPolicy class="ch.qos.logback.core.rolling.TimeBasedRollingPolicy">
      <fileNamePattern>log/access.%d{yyyy-MM-dd}.log</fileNamePattern>
      <totalSizeCap>1mb</totalSizeCap>
      <maxHistory>7</maxHistory>
    </rollingPolicy>

    <encoder>
      <pattern>%msg%n</pattern>
    </encoder>
  </appender>

  <logger name="org.jooby.RequestLogger" additivity="false">
    <appender-ref ref="ACCESS" />
  </logger>

  <root level="INFO">
    <appender-ref ref="STDOUT" />
  </root>
</configuration>
